feature,importance
fuel_load_kg_lag1,0.28892088
lap_time_sec_roll5_std,0.15448573
circuit_country_Belgium,0.07350463
position_lag1,0.064724974
fuel_load_kg_lag2,0.038704365
circuit_base_lap_time_sec,0.038318936
circuit_turns,0.028448641
gap_to_leader_sec_lag1,0.026141707
position_lag2,0.019169752
team_id,0.017646296
lap_time_sec_lag3,0.0124946255
s3_time_sec_lag3,0.012491945
q1_time_sec,0.01069541
team_car_downforce_rating,0.009962435
lap_time_sec_lag1,0.008431654
race_humidity_pct_lag3,0.007320456
circuit_length_km,0.006993342
fuel_load_kg_lag3,0.0065458408
driver_skill_rating,0.0057042153
position_lag3,0.0055651483
team_car_speed_rating,0.005150189
lap_time_sec_lag2,0.004939621
circuit_country_Monaco,0.004518527
lap_time_sec_roll5_mean,0.0040862365
gap_to_leader_sec_lag3,0.003975074
gap_to_leader_sec_lag2,0.0036446995
s2_time_sec_lag3,0.0036419227
s1_time_sec_lag3,0.00344496
circuit_country_Brazil,0.003187241
s3_time_sec_roll5_std,0.003062838
race_air_temp_c_lag2,0.0029037774
team_pit_crew_rating,0.0029018028
s2_time_sec_roll5_std,0.0026935588
circuit_country_Japan,0.0026513878
driver_nationality_RUS,0.002368435
driver_nationality_FIN,0.0023612613
driver_nationality_THA,0.001930622
q2_time_sec,0.0019293147
circuit_country_China,0.0019094414
s1_time_sec_roll5_mean,0.0018627092
driver_nationality_ESP,0.0018390452
driver_nationality_FRA,0.0018348166
driver_nationality_DEN,0.0018251225
circuit_country_Azerbaijan,0.0018227141
circuit_drs_zones,0.0018069643
race_round,0.0018004323
race_total_laps,0.0017376883
lap_time_sec_roll3_mean,0.0017271637
race_track_temp_c_lag1,0.0017131051
team_car_reliability_rating,0.001707221
driver_nationality_AUT,0.0016959538
gap_behind_sec_lag2,0.0016904314
circuit_country_Italy,0.0016699237
driver_nationality_JPN,0.0016603777
gap_behind_sec_lag1,0.0015804825
driver_aggression_rating,0.0015531854
driver_nationality_POL,0.001547958
race_track_temp_c_lag2,0.0014836475
race_humidity_pct_lag1,0.0014550564
circuit_country_Qatar,0.0014505056
circuit_country_Austria,0.001442722
driver_id,0.0014272206
driver_nationality_USA,0.0014234544
race_track_temp_c_lag3,0.00141378
circuit_overtake_difficulty,0.001410681
driver_nationality_MON,0.0013935632
driver_nationality_ITA,0.0013885115
s2_time_sec_roll5_mean,0.0013828032
grid_position,0.0013811333
driver_consistency_rating,0.0013805779
driver_nationality_IDN,0.0013733484
race_air_temp_c_lag1,0.0013732708
gap_behind_sec_lag3,0.0013575634
season,0.0013440894
circuit_country_USA,0.0013412427
q3_time_sec,0.0013321625
circuit_country_Singapore,0.0013309174
circuit_id,0.0013285943
circuit_country_UAE,0.0013281822
driver_nationality_NZL,0.0013187528
circuit_country_Mexico,0.0013172753
circuit_country_Hungary,0.0013162554
race_humidity_pct_lag2,0.0013149038
ers_deploy_pct_lag1,0.001314168
ers_deploy_pct_lag3,0.0013032808
s2_time_sec_roll3_mean,0.0012836206
circuit_country_Bahrain,0.001282302
circuit_country_Spain,0.0012568474
s3_time_sec_roll5_mean,0.0012422061
circuit_country_UK,0.0012406086
driver_nationality_GER,0.0012359476
driver_nationality_BRA,0.0012075729
driver_nationality_GBR,0.0012042964
circuit_country_Canada,0.0011806753
race_air_temp_c_lag3,0.0011677872
s1_time_sec_roll5_std,0.001167721
gap_ahead_sec_lag1,0.001146304
circuit_country_Netherlands,0.0011432957
s1_time_sec_roll3_mean,0.0011398798
s3_time_sec_roll3_mean,0.0011366274
ers_harvest_pct_lag1,0.0011192535
driver_nationality_AUS,0.0011093926
gap_ahead_sec_lag2,0.0010374939
s1_time_sec_lag1,0.0010165256
s2_time_sec_lag1,0.0009804552
s3_time_sec_lag1,0.0009755151
s2_time_sec_lag2,0.0009722937
ers_harvest_pct_lag2,0.0009692113
ers_deploy_pct_lag2,0.00096256466
s3_time_sec_lag2,0.00094728055
s1_time_sec_lag2,0.0008798046
ers_harvest_pct_lag3,0.0008162583
gap_ahead_sec_lag3,0.0008089452
driver_nationality_MEX,0.0007836434
circuit_country_Australia,0.00077795424
driver_nationality_NED,0.0007328724
circuit_country_Saudi Arabia,0.0
circuit_country__NA_,0.0
driver_nationality__NA_,0.0
