race_id,driver_id,predicted_position
199,38,18
199,20,20
199,24,1
199,22,2
199,4,3
199,12,4
199,2,5
199,37,6
199,41,7
199,7,8
199,39,9
199,47,10
199,43,11
199,6,12
199,48,13
199,23,14
199,15,15
199,5,16
199,44,17
199,21,18
200,5,15
200,44,10
200,20,10
200,24,11
200,22,12
200,4,13
200,12,14
200,2,15
200,37,16
200,41,17
200,7,18
200,39,19
200,47,20
200,43,1
200,6,2
200,48,3
200,23,4
200,15,5
200,38,6
200,21,7
201,47,18
201,20,9
201,24,10
201,22,11
201,4,12
201,12,13
201,2,14
201,37,15
201,41,16
201,7,17
201,39,18
201,43,19
201,6,20
201,48,1
201,23,2
201,15,3
201,5,4
201,38,5
201,44,6
201,21,7
202,37,14
202,6,5
202,20,7
202,24,8
202,22,9
202,4,10
202,12,11
202,2,12
202,41,13
202,7,14
202,39,15
202,47,16
202,43,17
202,48,18
202,23,19
202,15,20
202,5,1
202,38,2
202,44,3
202,21,4
203,23,19
203,20,4
203,24,5
203,22,6
203,4,7
203,12,8
203,2,9
203,37,10
203,41,11
203,7,12
203,39,13
203,47,14
203,43,15
203,6,16
203,48,17
203,15,18
203,5,19
203,38,20
203,44,1
203,21,2
204,41,10
204,20,11
204,24,12
204,22,13
204,4,14
204,12,15
204,2,16
204,37,17
204,7,18
204,39,19
204,47,20
204,43,1
204,6,2
204,48,3
204,23,4
204,15,5
204,5,6
204,38,7
204,44,8
204,21,9
205,20,10
205,24,11
205,22,12
205,4,13
205,12,14
205,2,15
205,37,16
205,41,17
205,7,18
205,39,19
205,47,20
205,43,1
205,6,2
205,48,3
205,23,4
205,15,5
205,5,6
205,38,7
205,44,8
205,21,9
206,43,1
206,44,4
206,21,5
206,38,3
206,20,12
206,24,13
206,22,14
206,4,15
206,12,16
206,2,17
206,37,18
206,41,19
206,7,20
206,39,1
206,47,2
206,6,3
206,48,4
206,23,5
206,15,6
206,5,7
207,20,8
207,24,9
207,22,10
207,4,11
207,12,12
207,2,13
207,37,14
207,41,15
207,7,16
207,39,17
207,47,18
207,43,19
207,6,20
207,48,1
207,23,2
207,15,3
207,5,4
207,38,5
207,44,6
207,21,7
208,20,6
208,24,7
208,22,8
208,4,9
208,12,10
208,2,11
208,37,12
208,41,13
208,7,14
208,39,15
208,47,16
208,43,17
208,6,18
208,48,19
208,23,20
208,15,1
208,38,2
208,44,3
208,21,4
209,20,5
209,24,6
209,22,7
209,4,8
209,12,9
209,2,10
209,37,11
209,41,12
209,7,13
209,39,14
209,47,15
209,43,16
209,6,17
209,48,18
209,23,19
209,15,20
209,5,1
209,38,2
209,44,3
209,21,4
210,21,4
210,20,7
210,24,8
210,22,9
210,4,10
210,12,11
210,2,12
210,37,13
210,41,14
210,7,15
210,39,16
210,47,17
210,43,18
210,6,19
210,48,20
210,23,1
210,15,2
210,5,3
210,38,4
210,44,5
211,41,13
211,20,20
211,24,1
211,22,2
211,4,3
211,12,4
211,2,5
211,37,6
211,7,7
211,39,8
211,47,9
211,43,10
211,6,11
211,48,12
211,23,13
211,15,14
211,5,15
211,38,16
211,44,17
211,21,18
212,44,17
212,20,17
212,24,18
212,22,19
212,4,20
212,12,1
212,2,2
212,37,3
212,41,4
212,7,5
212,39,6
212,47,7
212,43,8
212,6,9
212,48,10
212,23,11
212,15,12
212,5,13
212,38,14
212,21,15
213,20,16
213,24,17
213,22,18
213,4,19
213,12,20
213,2,1
213,37,2
213,41,3
213,7,4
213,39,5
213,47,6
213,43,7
213,6,8
213,48,9
213,23,10
213,15,11
213,5,12
213,38,13
213,44,14
213,21,15
214,43,7
214,20,19
214,24,20
214,22,1
214,4,2
214,12,3
214,2,4
214,37,5
214,41,6
214,7,7
214,39,8
214,47,9
214,6,10
214,48,11
214,23,12
214,15,13
214,5,14
214,38,15
214,44,16
214,21,17
215,43,9
215,20,11
215,24,12
215,22,13
215,4,14
215,12,15
215,2,16
215,37,17
215,41,18
215,7,19
215,39,20
215,47,1
215,6,2
215,48,3
215,23,4
215,15,5
215,5,6
215,38,7
215,44,8
215,21,9
216,15,5
216,20,19
216,24,20
216,22,1
216,4,2
216,12,3
216,2,4
216,37,5
216,41,6
216,7,7
216,39,8
216,47,9
216,43,10
216,6,11
216,48,12
216,23,13
216,5,14
216,38,15
216,44,16
216,21,17
217,15,13
217,41,13
217,44,15
217,38,6
217,20,12
217,24,13
217,22,14
217,4,15
217,12,16
217,2,17
217,37,18
217,7,19
217,39,20
217,47,1
217,43,2
217,6,3
217,48,4
217,23,5
217,5,6
217,21,7
218,7,16
218,20,5
218,24,6
218,22,7
218,4,8
218,12,9
218,2,10
218,37,11
218,41,12
218,39,13
218,47,14
218,43,15
218,6,16
218,48,17
218,23,18
218,15,19
218,5,20
218,38,1
218,44,2
218,21,3
219,5,20
219,20,2
219,24,3
219,22,4
219,4,5
219,12,6
219,2,7
219,37,8
219,41,9
219,7,10
219,39,11
219,47,12
219,43,13
219,6,14
219,48,15
219,23,16
219,15,17
219,38,18
219,44,19
219,21,20
220,6,13
220,20,8
220,24,9
220,22,10
220,4,11
220,12,12
220,2,13
220,37,14
220,41,15
220,7,16
220,39,17
220,47,18
220,43,19
220,48,20
220,23,1
220,15,2
220,5,3
220,38,4
220,44,5
220,21,6
