race_id,driver_id,finish_position
199,38,18
199,20,13
199,24,5
199,22,7
199,4,6
199,12,12
199,2,8
199,37,14
199,41,16
199,7,9
199,39,1
199,47,15
199,43,10
199,6,3
199,48,2
199,23,17
199,15,4
199,5,18
199,44,19
199,21,11
200,5,18
200,44,19
200,20,14
200,24,12
200,22,13
200,4,2
200,12,1
200,2,15
200,37,3
200,41,5
200,7,7
200,39,16
200,47,9
200,43,4
200,6,8
200,48,17
200,23,11
200,15,10
200,38,18
200,21,6
201,47,15
201,20,2
201,24,14
201,22,1
201,4,15
201,12,7
201,2,8
201,37,4
201,41,6
201,7,16
201,39,3
201,43,11
201,6,10
201,48,9
201,23,17
201,15,5
201,5,19
201,38,18
201,44,13
201,21,12
202,37,10
202,6,11
202,20,2
202,24,14
202,22,15
202,4,1
202,12,3
202,2,16
202,41,11
202,7,8
202,39,7
202,47,4
202,43,5
202,48,17
202,23,6
202,15,10
202,5,12
202,38,18
202,44,9
202,21,13
203,23,17
203,20,11
203,24,4
203,22,2
203,4,10
203,12,1
203,2,6
203,37,7
203,41,16
203,7,13
203,39,3
203,47,15
203,43,8
203,6,14
203,48,12
203,15,9
203,5,5
203,38,17
203,44,19
203,21,18
204,41,18
204,20,7
204,24,5
204,22,1
204,4,6
204,12,4
204,2,16
204,37,2
204,7,17
204,39,8
204,47,11
204,43,12
204,6,10
204,48,9
204,23,18
204,15,3
204,5,14
204,38,13
204,44,15
204,21,19
205,20,7
205,24,4
205,22,12
205,4,6
205,12,1
205,2,8
205,37,3
205,41,17
205,7,14
205,39,13
205,47,9
205,43,16
205,6,15
205,48,2
205,23,5
205,15,10
205,5,19
205,38,18
205,44,20
205,21,11
206,43,15
206,44,19
206,21,17
206,38,17
206,20,1
206,24,3
206,22,9
206,4,5
206,12,8
206,2,10
206,37,6
206,41,7
206,7,13
206,39,11
206,47,2
206,6,14
206,48,12
206,23,16
206,15,15
206,5,4
207,20,2
207,24,1
207,22,15
207,4,8
207,12,5
207,2,3
207,37,11
207,41,7
207,7,10
207,39,16
207,47,12
207,43,6
207,6,4
207,48,17
207,23,13
207,15,18
207,5,19
207,38,14
207,44,20
207,21,9
208,20,11
208,24,1
208,22,10
208,4,9
208,12,8
208,2,12
208,37,14
208,41,17
208,7,5
208,39,13
208,47,6
208,43,15
208,6,3
208,48,2
208,23,7
208,15,16
208,38,4
208,44,19
208,21,18
209,20,15
209,24,5
209,22,14
209,4,13
209,12,1
209,2,16
209,37,4
209,41,11
209,7,17
209,39,2
209,47,19
209,43,6
209,6,18
209,48,3
209,23,20
209,15,10
209,5,12
209,38,7
209,44,9
209,21,8
210,21,19
210,20,12
210,24,9
210,22,11
210,4,10
210,12,1
210,2,13
210,37,3
210,41,17
210,7,15
210,39,2
210,47,5
210,43,6
210,6,4
210,48,14
210,23,7
210,15,16
210,5,18
210,38,8
210,44,19
211,41,19
211,20,2
211,24,1
211,22,13
211,4,12
211,12,11
211,2,14
211,37,3
211,7,7
211,39,15
211,47,4
211,43,17
211,6,9
211,48,16
211,23,10
211,15,18
211,5,19
211,38,5
211,44,8
211,21,6
212,44,20
212,20,12
212,24,10
212,22,11
212,4,2
212,12,9
212,2,13
212,37,5
212,41,1
212,7,15
212,39,14
212,47,17
212,43,18
212,6,16
212,48,4
212,23,7
212,15,6
212,5,19
212,38,3
212,21,8
213,20,2
213,24,9
213,22,10
213,4,1
213,12,8
213,2,4
213,37,14
213,41,6
213,7,13
213,39,11
213,47,5
213,43,16
213,6,15
213,48,12
213,23,18
213,15,17
213,5,19
213,38,3
213,44,20
213,21,7
214,43,18
214,20,15
214,24,1
214,22,14
214,4,2
214,12,13
214,2,6
214,37,9
214,41,4
214,7,8
214,39,7
214,47,17
214,6,3
214,48,16
214,23,18
214,15,10
214,5,19
214,38,5
214,44,12
214,21,11
215,43,13
215,20,1
215,24,14
215,22,16
215,4,5
215,12,13
215,2,6
215,37,4
215,41,11
215,7,17
215,39,2
215,47,9
215,6,18
215,48,3
215,23,12
215,15,10
215,5,7
215,38,19
215,44,15
215,21,8
216,15,15
216,20,14
216,24,5
216,22,1
216,4,6
216,12,4
216,2,2
216,37,3
216,41,17
216,7,16
216,39,7
216,47,9
216,43,10
216,6,8
216,48,15
216,23,11
216,5,13
216,38,12
216,44,19
216,21,18
217,15,18
217,41,11
217,44,12
217,38,8
217,20,2
217,24,6
217,22,1
217,4,7
217,12,4
217,2,3
217,37,9
217,7,12
217,39,8
217,47,14
217,43,15
217,6,13
217,48,11
217,23,5
217,5,10
217,21,16
218,7,15
218,20,9
218,24,5
218,22,1
218,4,6
218,12,14
218,2,10
218,37,16
218,41,3
218,39,15
218,47,2
218,43,12
218,6,17
218,48,11
218,23,4
218,15,18
218,5,7
218,38,19
218,44,13
218,21,8
219,5,18
219,20,13
219,24,4
219,22,12
219,4,5
219,12,2
219,2,6
219,37,16
219,41,17
219,7,15
219,39,14
219,47,9
219,43,1
219,6,8
219,48,7
219,23,3
219,15,10
219,38,11
219,44,19
219,21,18
220,6,19
220,20,17
220,24,2
220,22,5
220,4,4
220,12,14
220,2,18
220,37,8
220,41,3
220,7,7
220,39,1
220,47,9
220,43,10
220,48,6
220,23,12
220,15,11
220,5,15
220,38,13
220,44,19
220,21,16
