record_type,target_value,frequency,proportion,tire_compound,tire_age_laps,count,nunique,mean,std,min,max,target_unique_values,target_mean,target_std,target_min,target_max,zero_std_group_count,zero_std_group_proportion
overall_summary,,,,,,,,,,,,4.0,1.471668335582742,0.7827889092435315,0.0,2.5,207.0,1.0
target_value_distribution,0.0,30123.0,0.13114632765901868,,,,,,,,,,,,,,,
target_value_distribution,1.0,45966.0,0.20012190343506464,,,,,,,,,,,,,,,
target_value_distribution,1.5,91941.0,0.4002829901171144,,,,,,,,,,,,,,,
target_value_distribution,2.5,61660.0,0.2684487787888023,,,,,,,,,,,,,,,
compound_age_group,,,,HARD,1.0,787.0,1.0,1.0,0.0,1.0,1.0,,,,,,,
compound_age_group,,,,HARD,2.0,786.0,1.0,1.0,0.0,1.0,1.0,,,,,,,
compound_age_group,,,,HARD,3.0,785.0,1.0,1.0,0.0,1.0,1.0,,,,,,,
compound_age_group,,,,HARD,4.0,783.0,1.0,1.0,0.0,1.0,1.0,,,,,,,
compound_age_group,,,,HARD,5.0,782.0,1.0,1.0,0.0,1.0,1.0,,,,,,,
compound_age_group,,,,HARD,6.0,781.0,1.0,1.0,0.0,1.0,1.0,,,,,,,
compound_age_group,,,,HARD,7.0,781.0,1.0,1.0,0.0,1.0,1.0,,,,,,,
compound_age_group,,,,HARD,8.0,781.0,1.0,1.0,0.0,1.0,1.0,,,,,,,
compound_age_group,,,,HARD,9.0,779.0,1.0,1.0,0.0,1.0,1.0,,,,,,,
compound_age_group,,,,HARD,10.0,779.0,1.0,1.0,0.0,1.0,1.0,,,,,,,
compound_age_group,,,,HARD,11.0,779.0,1.0,1.0,0.0,1.0,1.0,,,,,,,
compound_age_group,,,,HARD,12.0,779.0,1.0,1.0,0.0,1.0,1.0,,,,,,,
compound_age_group,,,,HARD,13.0,778.0,1.0,1.0,0.0,1.0,1.0,,,,,,,
compound_age_group,,,,HARD,14.0,777.0,1.0,1.0,0.0,1.0,1.0,,,,,,,
compound_age_group,,,,HARD,15.0,775.0,1.0,1.0,0.0,1.0,1.0,,,,,,,
compound_age_group,,,,HARD,16.0,775.0,1.0,1.0,0.0,1.0,1.0,,,,,,,
compound_age_group,,,,HARD,17.0,774.0,1.0,1.0,0.0,1.0,1.0,,,,,,,
compound_age_group,,,,HARD,18.0,771.0,1.0,1.0,0.0,1.0,1.0,,,,,,,
compound_age_group,,,,HARD,19.0,770.0,1.0,1.0,0.0,1.0,1.0,,,,,,,
compound_age_group,,,,HARD,20.0,769.0,1.0,1.0,0.0,1.0,1.0,,,,,,,
compound_age_group,,,,HARD,21.0,768.0,1.0,1.0,0.0,1.0,1.0,,,,,,,
compound_age_group,,,,HARD,22.0,768.0,1.0,1.0,0.0,1.0,1.0,,,,,,,
compound_age_group,,,,HARD,23.0,767.0,1.0,1.0,0.0,1.0,1.0,,,,,,,
compound_age_group,,,,HARD,24.0,767.0,1.0,1.0,0.0,1.0,1.0,,,,,,,
compound_age_group,,,,HARD,25.0,767.0,1.0,1.0,0.0,1.0,1.0,,,,,,,
compound_age_group,,,,HARD,26.0,767.0,1.0,1.0,0.0,1.0,1.0,,,,,,,
compound_age_group,,,,HARD,27.0,766.0,1.0,1.0,0.0,1.0,1.0,,,,,,,
compound_age_group,,,,HARD,28.0,766.0,1.0,1.0,0.0,1.0,1.0,,,,,,,
compound_age_group,,,,HARD,29.0,766.0,1.0,1.0,0.0,1.0,1.0,,,,,,,
compound_age_group,,,,HARD,30.0,765.0,1.0,1.0,0.0,1.0,1.0,,,,,,,
compound_age_group,,,,HARD,31.0,765.0,1.0,1.0,0.0,1.0,1.0,,,,,,,
compound_age_group,,,,HARD,32.0,762.0,1.0,1.0,0.0,1.0,1.0,,,,,,,
compound_age_group,,,,HARD,33.0,762.0,1.0,1.0,0.0,1.0,1.0,,,,,,,
compound_age_group,,,,HARD,34.0,762.0,1.0,1.0,0.0,1.0,1.0,,,,,,,
compound_age_group,,,,HARD,35.0,761.0,1.0,1.0,0.0,1.0,1.0,,,,,,,
compound_age_group,,,,HARD,36.0,761.0,1.0,1.0,0.0,1.0,1.0,,,,,,,
compound_age_group,,,,HARD,37.0,760.0,1.0,1.0,0.0,1.0,1.0,,,,,,,
compound_age_group,,,,HARD,38.0,760.0,1.0,1.0,0.0,1.0,1.0,,,,,,,
compound_age_group,,,,HARD,39.0,760.0,1.0,1.0,0.0,1.0,1.0,,,,,,,
compound_age_group,,,,HARD,40.0,759.0,1.0,1.0,0.0,1.0,1.0,,,,,,,
compound_age_group,,,,HARD,41.0,758.0,1.0,1.0,0.0,1.0,1.0,,,,,,,
compound_age_group,,,,HARD,42.0,758.0,1.0,1.0,0.0,1.0,1.0,,,,,,,
compound_age_group,,,,HARD,43.0,758.0,1.0,1.0,0.0,1.0,1.0,,,,,,,
compound_age_group,,,,HARD,44.0,758.0,1.0,1.0,0.0,1.0,1.0,,,,,,,
compound_age_group,,,,HARD,45.0,756.0,1.0,1.0,0.0,1.0,1.0,,,,,,,
compound_age_group,,,,HARD,46.0,756.0,1.0,1.0,0.0,1.0,1.0,,,,,,,
compound_age_group,,,,HARD,47.0,755.0,1.0,1.0,0.0,1.0,1.0,,,,,,,
compound_age_group,,,,HARD,48.0,752.0,1.0,1.0,0.0,1.0,1.0,,,,,,,
compound_age_group,,,,HARD,49.0,752.0,1.0,1.0,0.0,1.0,1.0,,,,,,,
compound_age_group,,,,HARD,50.0,716.0,1.0,1.0,0.0,1.0,1.0,,,,,,,
compound_age_group,,,,HARD,51.0,687.0,1.0,1.0,0.0,1.0,1.0,,,,,,,
compound_age_group,,,,HARD,52.0,650.0,1.0,1.0,0.0,1.0,1.0,,,,,,,
compound_age_group,,,,HARD,53.0,624.0,1.0,1.0,0.0,1.0,1.0,,,,,,,
compound_age_group,,,,HARD,54.0,578.0,1.0,1.0,0.0,1.0,1.0,,,,,,,
compound_age_group,,,,HARD,55.0,552.0,1.0,1.0,0.0,1.0,1.0,,,,,,,
compound_age_group,,,,HARD,56.0,521.0,1.0,1.0,0.0,1.0,1.0,,,,,,,
compound_age_group,,,,HARD,57.0,482.0,1.0,1.0,0.0,1.0,1.0,,,,,,,
compound_age_group,,,,HARD,58.0,461.0,1.0,1.0,0.0,1.0,1.0,,,,,,,
compound_age_group,,,,HARD,59.0,437.0,1.0,1.0,0.0,1.0,1.0,,,,,,,
compound_age_group,,,,HARD,60.0,411.0,1.0,1.0,0.0,1.0,1.0,,,,,,,
compound_age_group,,,,HARD,61.0,365.0,1.0,1.0,0.0,1.0,1.0,,,,,,,
compound_age_group,,,,HARD,62.0,323.0,1.0,1.0,0.0,1.0,1.0,,,,,,,
compound_age_group,,,,HARD,63.0,294.0,1.0,1.0,0.0,1.0,1.0,,,,,,,
compound_age_group,,,,HARD,64.0,240.0,1.0,1.0,0.0,1.0,1.0,,,,,,,
compound_age_group,,,,HARD,65.0,215.0,1.0,1.0,0.0,1.0,1.0,,,,,,,
compound_age_group,,,,HARD,66.0,182.0,1.0,1.0,0.0,1.0,1.0,,,,,,,
compound_age_group,,,,HARD,67.0,135.0,1.0,1.0,0.0,1.0,1.0,,,,,,,
compound_age_group,,,,HARD,68.0,87.0,1.0,1.0,0.0,1.0,1.0,,,,,,,
compound_age_group,,,,HARD,69.0,54.0,1.0,1.0,0.0,1.0,1.0,,,,,,,
compound_age_group,,,,MEDIUM,1.0,1585.0,1.0,1.5,0.0,1.5,1.5,,,,,,,
compound_age_group,,,,MEDIUM,2.0,1585.0,1.0,1.5,0.0,1.5,1.5,,,,,,,
compound_age_group,,,,MEDIUM,3.0,1583.0,1.0,1.5,0.0,1.5,1.5,,,,,,,
compound_age_group,,,,MEDIUM,4.0,1583.0,1.0,1.5,0.0,1.5,1.5,,,,,,,
compound_age_group,,,,MEDIUM,5.0,1582.0,1.0,1.5,0.0,1.5,1.5,,,,,,,
compound_age_group,,,,MEDIUM,6.0,1581.0,1.0,1.5,0.0,1.5,1.5,,,,,,,
compound_age_group,,,,MEDIUM,7.0,1579.0,1.0,1.5,0.0,1.5,1.5,,,,,,,
compound_age_group,,,,MEDIUM,8.0,1579.0,1.0,1.5,0.0,1.5,1.5,,,,,,,
compound_age_group,,,,MEDIUM,9.0,1576.0,1.0,1.5,0.0,1.5,1.5,,,,,,,
compound_age_group,,,,MEDIUM,10.0,1575.0,1.0,1.5,0.0,1.5,1.5,,,,,,,
compound_age_group,,,,MEDIUM,11.0,1573.0,1.0,1.5,0.0,1.5,1.5,,,,,,,
compound_age_group,,,,MEDIUM,12.0,1571.0,1.0,1.5,0.0,1.5,1.5,,,,,,,
compound_age_group,,,,MEDIUM,13.0,1567.0,1.0,1.5,0.0,1.5,1.5,,,,,,,
compound_age_group,,,,MEDIUM,14.0,1566.0,1.0,1.5,0.0,1.5,1.5,,,,,,,
compound_age_group,,,,MEDIUM,15.0,1565.0,1.0,1.5,0.0,1.5,1.5,,,,,,,
compound_age_group,,,,MEDIUM,16.0,1562.0,1.0,1.5,0.0,1.5,1.5,,,,,,,
compound_age_group,,,,MEDIUM,17.0,1562.0,1.0,1.5,0.0,1.5,1.5,,,,,,,
compound_age_group,,,,MEDIUM,18.0,1559.0,1.0,1.5,0.0,1.5,1.5,,,,,,,
compound_age_group,,,,MEDIUM,19.0,1559.0,1.0,1.5,0.0,1.5,1.5,,,,,,,
compound_age_group,,,,MEDIUM,20.0,1559.0,1.0,1.5,0.0,1.5,1.5,,,,,,,
compound_age_group,,,,MEDIUM,21.0,1558.0,1.0,1.5,0.0,1.5,1.5,,,,,,,
compound_age_group,,,,MEDIUM,22.0,1556.0,1.0,1.5,0.0,1.5,1.5,,,,,,,
compound_age_group,,,,MEDIUM,23.0,1553.0,1.0,1.5,0.0,1.5,1.5,,,,,,,
compound_age_group,,,,MEDIUM,24.0,1552.0,1.0,1.5,0.0,1.5,1.5,,,,,,,
compound_age_group,,,,MEDIUM,25.0,1551.0,1.0,1.5,0.0,1.5,1.5,,,,,,,
compound_age_group,,,,MEDIUM,26.0,1549.0,1.0,1.5,0.0,1.5,1.5,,,,,,,
compound_age_group,,,,MEDIUM,27.0,1548.0,1.0,1.5,0.0,1.5,1.5,,,,,,,
compound_age_group,,,,MEDIUM,28.0,1547.0,1.0,1.5,0.0,1.5,1.5,,,,,,,
compound_age_group,,,,MEDIUM,29.0,1547.0,1.0,1.5,0.0,1.5,1.5,,,,,,,
compound_age_group,,,,MEDIUM,30.0,1545.0,1.0,1.5,0.0,1.5,1.5,,,,,,,
compound_age_group,,,,MEDIUM,31.0,1542.0,1.0,1.5,0.0,1.5,1.5,,,,,,,
compound_age_group,,,,MEDIUM,32.0,1542.0,1.0,1.5,0.0,1.5,1.5,,,,,,,
compound_age_group,,,,MEDIUM,33.0,1541.0,1.0,1.5,0.0,1.5,1.5,,,,,,,
compound_age_group,,,,MEDIUM,34.0,1540.0,1.0,1.5,0.0,1.5,1.5,,,,,,,
compound_age_group,,,,MEDIUM,35.0,1538.0,1.0,1.5,0.0,1.5,1.5,,,,,,,
compound_age_group,,,,MEDIUM,36.0,1536.0,1.0,1.5,0.0,1.5,1.5,,,,,,,
compound_age_group,,,,MEDIUM,37.0,1534.0,1.0,1.5,0.0,1.5,1.5,,,,,,,
compound_age_group,,,,MEDIUM,38.0,1531.0,1.0,1.5,0.0,1.5,1.5,,,,,,,
compound_age_group,,,,MEDIUM,39.0,1527.0,1.0,1.5,0.0,1.5,1.5,,,,,,,
compound_age_group,,,,MEDIUM,40.0,1523.0,1.0,1.5,0.0,1.5,1.5,,,,,,,
compound_age_group,,,,MEDIUM,41.0,1522.0,1.0,1.5,0.0,1.5,1.5,,,,,,,
compound_age_group,,,,MEDIUM,42.0,1520.0,1.0,1.5,0.0,1.5,1.5,,,,,,,
compound_age_group,,,,MEDIUM,43.0,1518.0,1.0,1.5,0.0,1.5,1.5,,,,,,,
compound_age_group,,,,MEDIUM,44.0,1514.0,1.0,1.5,0.0,1.5,1.5,,,,,,,
compound_age_group,,,,MEDIUM,45.0,1514.0,1.0,1.5,0.0,1.5,1.5,,,,,,,
compound_age_group,,,,MEDIUM,46.0,1513.0,1.0,1.5,0.0,1.5,1.5,,,,,,,
compound_age_group,,,,MEDIUM,47.0,1510.0,1.0,1.5,0.0,1.5,1.5,,,,,,,
compound_age_group,,,,MEDIUM,48.0,1508.0,1.0,1.5,0.0,1.5,1.5,,,,,,,
compound_age_group,,,,MEDIUM,49.0,1506.0,1.0,1.5,0.0,1.5,1.5,,,,,,,
compound_age_group,,,,MEDIUM,50.0,1469.0,1.0,1.5,0.0,1.5,1.5,,,,,,,
compound_age_group,,,,MEDIUM,51.0,1418.0,1.0,1.5,0.0,1.5,1.5,,,,,,,
compound_age_group,,,,MEDIUM,52.0,1326.0,1.0,1.5,0.0,1.5,1.5,,,,,,,
compound_age_group,,,,MEDIUM,53.0,1271.0,1.0,1.5,0.0,1.5,1.5,,,,,,,
compound_age_group,,,,MEDIUM,54.0,1186.0,1.0,1.5,0.0,1.5,1.5,,,,,,,
compound_age_group,,,,MEDIUM,55.0,1135.0,1.0,1.5,0.0,1.5,1.5,,,,,,,
compound_age_group,,,,MEDIUM,56.0,1091.0,1.0,1.5,0.0,1.5,1.5,,,,,,,
compound_age_group,,,,MEDIUM,57.0,1007.0,1.0,1.5,0.0,1.5,1.5,,,,,,,
compound_age_group,,,,MEDIUM,58.0,953.0,1.0,1.5,0.0,1.5,1.5,,,,,,,
compound_age_group,,,,MEDIUM,59.0,900.0,1.0,1.5,0.0,1.5,1.5,,,,,,,
compound_age_group,,,,MEDIUM,60.0,849.0,1.0,1.5,0.0,1.5,1.5,,,,,,,
compound_age_group,,,,MEDIUM,61.0,756.0,1.0,1.5,0.0,1.5,1.5,,,,,,,
compound_age_group,,,,MEDIUM,62.0,664.0,1.0,1.5,0.0,1.5,1.5,,,,,,,
compound_age_group,,,,MEDIUM,63.0,610.0,1.0,1.5,0.0,1.5,1.5,,,,,,,
compound_age_group,,,,MEDIUM,64.0,508.0,1.0,1.5,0.0,1.5,1.5,,,,,,,
compound_age_group,,,,MEDIUM,65.0,468.0,1.0,1.5,0.0,1.5,1.5,,,,,,,
compound_age_group,,,,MEDIUM,66.0,394.0,1.0,1.5,0.0,1.5,1.5,,,,,,,
compound_age_group,,,,MEDIUM,67.0,299.0,1.0,1.0,0.0,1.0,1.0,,,,,,,
compound_age_group,,,,MEDIUM,68.0,197.0,1.0,0.0,0.0,0.0,0.0,,,,,,,
compound_age_group,,,,MEDIUM,69.0,130.0,1.0,0.0,0.0,0.0,0.0,,,,,,,
compound_age_group,,,,SOFT,1.0,1573.0,1.0,2.5,0.0,2.5,2.5,,,,,,,
compound_age_group,,,,SOFT,2.0,1572.0,1.0,2.5,0.0,2.5,2.5,,,,,,,
compound_age_group,,,,SOFT,3.0,1568.0,1.0,2.5,0.0,2.5,2.5,,,,,,,
compound_age_group,,,,SOFT,4.0,1568.0,1.0,2.5,0.0,2.5,2.5,,,,,,,
compound_age_group,,,,SOFT,5.0,1566.0,1.0,2.5,0.0,2.5,2.5,,,,,,,
compound_age_group,,,,SOFT,6.0,1566.0,1.0,2.5,0.0,2.5,2.5,,,,,,,
compound_age_group,,,,SOFT,7.0,1565.0,1.0,2.5,0.0,2.5,2.5,,,,,,,
compound_age_group,,,,SOFT,8.0,1561.0,1.0,2.5,0.0,2.5,2.5,,,,,,,
compound_age_group,,,,SOFT,9.0,1559.0,1.0,2.5,0.0,2.5,2.5,,,,,,,
compound_age_group,,,,SOFT,10.0,1559.0,1.0,2.5,0.0,2.5,2.5,,,,,,,
compound_age_group,,,,SOFT,11.0,1557.0,1.0,2.5,0.0,2.5,2.5,,,,,,,
compound_age_group,,,,SOFT,12.0,1556.0,1.0,2.5,0.0,2.5,2.5,,,,,,,
compound_age_group,,,,SOFT,13.0,1555.0,1.0,2.5,0.0,2.5,2.5,,,,,,,
compound_age_group,,,,SOFT,14.0,1555.0,1.0,2.5,0.0,2.5,2.5,,,,,,,
compound_age_group,,,,SOFT,15.0,1554.0,1.0,2.5,0.0,2.5,2.5,,,,,,,
compound_age_group,,,,SOFT,16.0,1551.0,1.0,2.5,0.0,2.5,2.5,,,,,,,
compound_age_group,,,,SOFT,17.0,1546.0,1.0,2.5,0.0,2.5,2.5,,,,,,,
compound_age_group,,,,SOFT,18.0,1545.0,1.0,2.5,0.0,2.5,2.5,,,,,,,
compound_age_group,,,,SOFT,19.0,1543.0,1.0,2.5,0.0,2.5,2.5,,,,,,,
compound_age_group,,,,SOFT,20.0,1541.0,1.0,2.5,0.0,2.5,2.5,,,,,,,
compound_age_group,,,,SOFT,21.0,1540.0,1.0,2.5,0.0,2.5,2.5,,,,,,,
compound_age_group,,,,SOFT,22.0,1539.0,1.0,2.5,0.0,2.5,2.5,,,,,,,
compound_age_group,,,,SOFT,23.0,1537.0,1.0,2.5,0.0,2.5,2.5,,,,,,,
compound_age_group,,,,SOFT,24.0,1535.0,1.0,2.5,0.0,2.5,2.5,,,,,,,
compound_age_group,,,,SOFT,25.0,1534.0,1.0,2.5,0.0,2.5,2.5,,,,,,,
compound_age_group,,,,SOFT,26.0,1533.0,1.0,2.5,0.0,2.5,2.5,,,,,,,
compound_age_group,,,,SOFT,27.0,1532.0,1.0,2.5,0.0,2.5,2.5,,,,,,,
compound_age_group,,,,SOFT,28.0,1531.0,1.0,2.5,0.0,2.5,2.5,,,,,,,
compound_age_group,,,,SOFT,29.0,1528.0,1.0,2.5,0.0,2.5,2.5,,,,,,,
compound_age_group,,,,SOFT,30.0,1525.0,1.0,2.5,0.0,2.5,2.5,,,,,,,
compound_age_group,,,,SOFT,31.0,1522.0,1.0,2.5,0.0,2.5,2.5,,,,,,,
compound_age_group,,,,SOFT,32.0,1521.0,1.0,2.5,0.0,2.5,2.5,,,,,,,
compound_age_group,,,,SOFT,33.0,1519.0,1.0,2.5,0.0,2.5,2.5,,,,,,,
compound_age_group,,,,SOFT,34.0,1518.0,1.0,2.5,0.0,2.5,2.5,,,,,,,
compound_age_group,,,,SOFT,35.0,1517.0,1.0,2.5,0.0,2.5,2.5,,,,,,,
compound_age_group,,,,SOFT,36.0,1516.0,1.0,2.5,0.0,2.5,2.5,,,,,,,
compound_age_group,,,,SOFT,37.0,1514.0,1.0,2.5,0.0,2.5,2.5,,,,,,,
compound_age_group,,,,SOFT,38.0,1514.0,1.0,2.5,0.0,2.5,2.5,,,,,,,
compound_age_group,,,,SOFT,39.0,1513.0,1.0,2.5,0.0,2.5,2.5,,,,,,,
compound_age_group,,,,SOFT,40.0,1512.0,1.0,2.5,0.0,2.5,2.5,,,,,,,
compound_age_group,,,,SOFT,41.0,1512.0,1.0,0.0,0.0,0.0,0.0,,,,,,,
compound_age_group,,,,SOFT,42.0,1510.0,1.0,0.0,0.0,0.0,0.0,,,,,,,
compound_age_group,,,,SOFT,43.0,1509.0,1.0,0.0,0.0,0.0,0.0,,,,,,,
compound_age_group,,,,SOFT,44.0,1507.0,1.0,0.0,0.0,0.0,0.0,,,,,,,
compound_age_group,,,,SOFT,45.0,1507.0,1.0,0.0,0.0,0.0,0.0,,,,,,,
compound_age_group,,,,SOFT,46.0,1504.0,1.0,0.0,0.0,0.0,0.0,,,,,,,
compound_age_group,,,,SOFT,47.0,1504.0,1.0,0.0,0.0,0.0,0.0,,,,,,,
compound_age_group,,,,SOFT,48.0,1504.0,1.0,0.0,0.0,0.0,0.0,,,,,,,
compound_age_group,,,,SOFT,49.0,1502.0,1.0,0.0,0.0,0.0,0.0,,,,,,,
compound_age_group,,,,SOFT,50.0,1459.0,1.0,0.0,0.0,0.0,0.0,,,,,,,
compound_age_group,,,,SOFT,51.0,1403.0,1.0,0.0,0.0,0.0,0.0,,,,,,,
compound_age_group,,,,SOFT,52.0,1316.0,1.0,0.0,0.0,0.0,0.0,,,,,,,
compound_age_group,,,,SOFT,53.0,1259.0,1.0,0.0,0.0,0.0,0.0,,,,,,,
compound_age_group,,,,SOFT,54.0,1165.0,1.0,0.0,0.0,0.0,0.0,,,,,,,
compound_age_group,,,,SOFT,55.0,1111.0,1.0,0.0,0.0,0.0,0.0,,,,,,,
compound_age_group,,,,SOFT,56.0,1068.0,1.0,0.0,0.0,0.0,0.0,,,,,,,
compound_age_group,,,,SOFT,57.0,978.0,1.0,0.0,0.0,0.0,0.0,,,,,,,
compound_age_group,,,,SOFT,58.0,921.0,1.0,0.0,0.0,0.0,0.0,,,,,,,
compound_age_group,,,,SOFT,59.0,862.0,1.0,0.0,0.0,0.0,0.0,,,,,,,
compound_age_group,,,,SOFT,60.0,826.0,1.0,0.0,0.0,0.0,0.0,,,,,,,
compound_age_group,,,,SOFT,61.0,741.0,1.0,0.0,0.0,0.0,0.0,,,,,,,
compound_age_group,,,,SOFT,62.0,644.0,1.0,0.0,0.0,0.0,0.0,,,,,,,
compound_age_group,,,,SOFT,63.0,594.0,1.0,0.0,0.0,0.0,0.0,,,,,,,
compound_age_group,,,,SOFT,64.0,481.0,1.0,0.0,0.0,0.0,0.0,,,,,,,
compound_age_group,,,,SOFT,65.0,435.0,1.0,0.0,0.0,0.0,0.0,,,,,,,
compound_age_group,,,,SOFT,66.0,374.0,1.0,0.0,0.0,0.0,0.0,,,,,,,
compound_age_group,,,,SOFT,67.0,273.0,1.0,0.0,0.0,0.0,0.0,,,,,,,
compound_age_group,,,,SOFT,68.0,197.0,1.0,0.0,0.0,0.0,0.0,,,,,,,
compound_age_group,,,,SOFT,69.0,130.0,1.0,0.0,0.0,0.0,0.0,,,,,,,
